insert into user(id, username, password, name, last_name, role) value (1, "admin", "$2a$08$lDnHPz7eUkSi6ao14Twuau08mzhWrL4kyZGGU5xfiGALO/Vxd5DOi", "admin", "admin", 0)
insert into user(id, username, password, name, last_name, role) value (2, "doctor", "$2a$08$lDnHPz7eUkSi6ao14Twuau08mzhWrL4kyZGGU5xfiGALO/Vxd5DOi", "doctor", "doctor", 1)

insert into disease(id, name, disease_type, deleted) value (1, "cold", "FIRST", false)
insert into disease(id, name, disease_type, deleted) value (2, "fever", "FIRST", false)
insert into disease(id, name, disease_type, deleted) value (3, "tonsillitis", "FIRST", false)
insert into disease(id, name, disease_type, deleted) value (4, "sinus infection", "FIRST", false)
insert into disease(id, name, disease_type, deleted) value (5, "hypertension", "SECOND", false)
insert into disease(id, name, disease_type, deleted) value (6, "diabetes", "SECOND", false)
insert into disease(id, name, disease_type, deleted) value (7, "chronic kidney disease", "THIRD", false)
insert into disease(id, name, disease_type, deleted) value (8, "acute kidney injury", "THIRD", false)

insert into symptom(id, name, symptom_type, deleted) value (1, "nose leakage", "GENERAL", false)
insert into symptom(id, name, symptom_type, deleted) value (2, "pain in the throat", "GENERAL", false)
insert into symptom(id, name, symptom_type, deleted) value (3, "headache", "GENERAL", false)
insert into symptom(id, name, symptom_type, deleted) value (4, "sneeze", "GENERAL", false)
insert into symptom(id, name, symptom_type, deleted) value (5, "cough", "GENERAL", false)
insert into symptom(id, name, symptom_type, deleted) value (6, "temperature more than 38", "GENERAL", false)
insert into symptom(id, name, symptom_type, deleted) value (7, "trembling", "GENERAL", false)
insert into symptom(id, name, symptom_type, deleted) value (8, "pain which is spreading right to the ears", "GENERAL", false)
insert into symptom(id, name, symptom_type, deleted) value (9, "temperature goes from 40 to 41", "GENERAL", false)
insert into symptom(id, name, symptom_type, deleted) value (10, "loss of appetite", "GENERAL", false)
insert into symptom(id, name, symptom_type, deleted) value (11, "tiredness", "GENERAL", false)
insert into symptom(id, name, symptom_type, deleted) value (12, "yellow secretion from nose", "GENERAL", false)
insert into symptom(id, name, symptom_type, deleted) value (13, "swelling around the eyes", "GENERAL", false)
insert into symptom(id, name, symptom_type, deleted) value (14, "often urinating", "GENERAL", false)
insert into symptom(id, name, symptom_type, deleted) value (15, "loss of body weight", "GENERAL", false)
insert into symptom(id, name, symptom_type, deleted) value (16, "tiredness", "GENERAL", false)
insert into symptom(id, name, symptom_type, deleted) value (17, "nausea and vomiting", "GENERAL", false)
insert into symptom(id, name, symptom_type, deleted) value (18, "nocturia", "GENERAL", false)
insert into symptom(id, name, symptom_type, deleted) value (19, "legs and joints swelling", "GENERAL", false)
insert into symptom(id, name, symptom_type, deleted) value (20, "choking", "GENERAL", false)
insert into symptom(id, name, symptom_type, deleted) value (21, "chest pain", "GENERAL", false)
insert into symptom(id, name, symptom_type, deleted) value (22, "diarrhea", "GENERAL", false)

--cough--
insert into disease_symptoms(disease_id, symptoms_id) value (1, 1)
insert into disease_symptoms(disease_id, symptoms_id) value (1, 2)
insert into disease_symptoms(disease_id, symptoms_id) value (1, 3)
insert into disease_symptoms(disease_id, symptoms_id) value (1, 4)
insert into disease_symptoms(disease_id, symptoms_id) value (1, 5)

--fever--
insert into disease_symptoms(disease_id, symptoms_id) value (2, 4)
insert into disease_symptoms(disease_id, symptoms_id) value (2, 2)
insert into disease_symptoms(disease_id, symptoms_id) value (2, 5)
insert into disease_symptoms(disease_id, symptoms_id) value (2, 6)
insert into disease_symptoms(disease_id, symptoms_id) value (2, 1)
insert into disease_symptoms(disease_id, symptoms_id) value (2, 3)
insert into disease_symptoms(disease_id, symptoms_id) value (2, 7)

--tonsillitis--
insert into disease_symptoms(disease_id, symptoms_id) value (3, 2)
insert into disease_symptoms(disease_id, symptoms_id) value (3, 8)
insert into disease_symptoms(disease_id, symptoms_id) value (3, 3)
insert into disease_symptoms(disease_id, symptoms_id) value (3, 9)
insert into disease_symptoms(disease_id, symptoms_id) value (3, 7)
insert into disease_symptoms(disease_id, symptoms_id) value (3, 10)
insert into disease_symptoms(disease_id, symptoms_id) value (3, 11)
insert into disease_symptoms(disease_id, symptoms_id) value (3, 12)

--sinus infection--
insert into disease_symptoms(disease_id, symptoms_id) value (4, 13)
insert into disease_symptoms(disease_id, symptoms_id) value (4, 3)
insert into disease_symptoms(disease_id, symptoms_id) value (4, 12)
insert into disease_symptoms(disease_id, symptoms_id) value (4, 2)
insert into disease_symptoms(disease_id, symptoms_id) value (4, 6)
insert into disease_symptoms(disease_id, symptoms_id) value (4, 5)

--diabetes--
insert into disease_symptoms(disease_id, symptoms_id) value (6, 14)
insert into disease_symptoms(disease_id, symptoms_id) value (6, 15)
insert into disease_symptoms(disease_id, symptoms_id) value (6, 16)
insert into disease_symptoms(disease_id, symptoms_id) value (6, 17)

--chronic kidney disease--
insert into disease_symptoms(disease_id, symptoms_id) value (7, 16)
insert into disease_symptoms(disease_id, symptoms_id) value (7, 18)
insert into disease_symptoms(disease_id, symptoms_id) value (7, 19)
insert into disease_symptoms(disease_id, symptoms_id) value (7, 20)
insert into disease_symptoms(disease_id, symptoms_id) value (7, 21)

--acute kidney injury--
insert into disease_symptoms(disease_id, symptoms_id) value (8, 16)
insert into disease_symptoms(disease_id, symptoms_id) value (8, 20)
insert into disease_symptoms(disease_id, symptoms_id) value (8, 19)
insert into disease_symptoms(disease_id, symptoms_id) value (8, 22)

insert into medicine(id, name, medicine_type, deleted) value (1, "Medicine 1", "ANTIBIOTIC", false)
insert into medicine(id, name, medicine_type, deleted) value (2, "Medicine 2", "ANTIBIOTIC", false)
insert into medicine(id, name, medicine_type, deleted) value (3, "Medicine 3", "ANALGETIC", false)
insert into medicine(id, name, medicine_type, deleted) value (4, "Medicine 4", "ANALGETIC", false)
insert into medicine(id, name, medicine_type, deleted) value (5, "Medicine 5", "OTHER", false)
insert into medicine(id, name, medicine_type, deleted) value (6, "Medicine 6", "OTHER", false)

insert into medicine_component(id, name, deleted) value (1, "Component 1", false)
insert into medicine_component(id, name, deleted) value (2, "Component 2", false)
insert into medicine_component(id, name, deleted) value (3, "Component 3", false)
insert into medicine_component(id, name, deleted) value (4, "Component 4", false)
insert into medicine_component(id, name, deleted) value (5, "Component 5", false)
insert into medicine_component(id, name, deleted) value (6, "Component 6", false)
insert into medicine_component(id, name, deleted) value (7, "Component 7", false)
insert into medicine_component(id, name, deleted) value (8, "Component 8", false)

insert into medicine_components(medicine_id, components_id) value (1, 1)
insert into medicine_components(medicine_id, components_id) value (1, 2)
insert into medicine_components(medicine_id, components_id) value (1, 3)
insert into medicine_components(medicine_id, components_id) value (2, 4)
insert into medicine_components(medicine_id, components_id) value (2, 5)
insert into medicine_components(medicine_id, components_id) value (2, 6)
insert into medicine_components(medicine_id, components_id) value (3, 1)
insert into medicine_components(medicine_id, components_id) value (3, 3)
insert into medicine_components(medicine_id, components_id) value (3, 4)
insert into medicine_components(medicine_id, components_id) value (4, 5)
insert into medicine_components(medicine_id, components_id) value (4, 6)
insert into medicine_components(medicine_id, components_id) value (4, 7)
insert into medicine_components(medicine_id, components_id) value (5, 2)
insert into medicine_components(medicine_id, components_id) value (5, 5)
insert into medicine_components(medicine_id, components_id) value (5, 8)
insert into medicine_components(medicine_id, components_id) value (6, 1)
insert into medicine_components(medicine_id, components_id) value (6, 7)
insert into medicine_components(medicine_id, components_id) value (1, 8)